Nama Bisnis,Kontak,Sumber
TOKO BESI CNP KUNINGAN,084178303118,https://www.indonetwork.co.id/product/toko-besi-cnp-kuningan--7492990
TOKO BESI CNP SENTUL,086751365213,https://www.indonetwork.co.id/product/toko-besi-cnp-sentul-7492988
TOKO BESI CNP CIBINONG,081676389704,https://www.indonetwork.co.id/product/toko-besi-cnp-cibinong-7492982
TOKO BESI CNP KUTAMEKAR,089616281189,https://www.indonetwork.co.id/product/toko-besi-cnp-kutamekar-7492977
TOKO BESI CNP CILEUNGSI,088860794212,https://www.indonetwork.co.id/product/toko-besi-cnp-cileungsi-7492971
TOKO BESI CNP BATUTULIS,086470617091,https://www.indonetwork.co.id/product/toko-besi-cnp-batutulis-7492969
TOKO BESI CNP CILUAR,089752556754,https://www.indonetwork.co.id/product/toko-besi-cnp-ciluar--7492965
TOKO BESI CNP JATIKARYA,087668017659,https://www.indonetwork.co.id/product/toko-besi-cnp-jatikarya-7492961
BESI BETON ULIR BERKUALITAS HARGA TERBAIK PALANGKARAYA,085289383543,https://www.indonetwork.co.id/product/besi-beton-ulir-berkualitas-harga-terbaik-palangkaraya-7492959
BESI BETON ULIR BERKUALITAS HARGA TERBAIK READY PALANGKARAYA,084001895114,https://www.indonetwork.co.id/product/besi-beton-ulir-berkualitas-harga-terbaik-ready-palangkaraya-7492957
BESI BETON ULIR BERKUALITAS HARGA TERBAIK READY STOK PALANGKARAYA,081573555633,https://www.indonetwork.co.id/product/besi-beton-ulir-berkualitas-harga-terbaik-ready-stok-palangkaraya-7492956
BESI BETON ULIR BERKUALITAS HARGA TERBAIK STOK TERSEDIA PALANGKARAYA,081363506121,https://www.indonetwork.co.id/product/besi-beton-ulir-berkualitas-harga-terbaik-stok-tersedia-palangkaraya-7492955
Pipa Besi Hitam Medium bahan Galvanis,084530273790,https://www.indonetwork.co.id/product/jual-pipa-besi-hitam-7221237
BESI BETON POLOS BERKUALITAS HARGA TERBAIK PALANGKARAYA,088412891813,https://www.indonetwork.co.id/product/besi-beton-polos-berkualitas-harga-terbaik-palangkaraya-7492954
BESI BETON POLOS BERKUALITAS HARGA TERBAIK READY PALANGKARAYA,089700358134,https://www.indonetwork.co.id/product/besi-beton-polos-berkualitas-harga-terbaik-ready-palangkaraya-7492953
BESI BETON POLOS BERKUALITAS HARGA TERBAIK READY STOK PALANGKARAYA,081358852129,https://www.indonetwork.co.id/product/besi-beton-polos-berkualitas-harga-terbaik-ready-stok-palangkaraya-7492950
BESI BETON POLOS BERKUALITAS HARGA TERBAIK STOK TERSEDIA PALANGKARAYA,083344430900,https://www.indonetwork.co.id/product/besi-beton-polos-berkualitas-harga-terbaik-stok-tersedia-palangkaraya-7492949
BESI BETON HARGA MURAH TERBAIK TERBARU STOK TERSEDIA PALANGKARAYA,082059456769,https://www.indonetwork.co.id/product/besi-beton-harga-murah-terbaik-terbaru-stok-tersedia-palangkaraya-7492946
BESI BETON BERKUALITAS HARGA TERBAIK TERBARU PALANGKARAYA,088189974772,https://www.indonetwork.co.id/product/besi-beton-berkualitas-harga-terbaik-terbaru-palangkaraya-7492941
BESI BETON BERKUALITAS HARGA TERBAIK TERBARU READY PALANGKARAYA,084703921010,https://www.indonetwork.co.id/product/besi-beton-berkualitas-harga-terbaik-terbaru-ready-palangkaraya-7492936
BESI BETON BERKUALITAS HARGA TERBAIK TERBARU READY STOK PALANGKARAYA,085096877345,https://www.indonetwork.co.id/product/besi-beton-berkualitas-harga-terbaik-terbaru-ready-stok-palangkaraya-7492934
TOKO BESI CNP BANJAR,085279809525,https://www.indonetwork.co.id/product/toko-besi-cnp-banjar-7492926
TOKO BESI CNP SUKABUMI,089610021800,https://www.indonetwork.co.id/product/toko-besi-cnp-sukabumi--7492924
TOKO BESI CNP CIKARET,081156218284,https://www.indonetwork.co.id/product/toko-besi-cnp-cikaret--7492648
TOKO BESI CNP GREGED,081399540140,https://www.indonetwork.co.id/product/toko-besi-cnp-greged-7492898
TOKO BESI CNP KARANGWARENG,082437918839,https://www.indonetwork.co.id/product/toko-besi-cnp-karangwareng-7492815
TOKO BESI CNP CIMAHI,084765997117,https://www.indonetwork.co.id/product/toko-besi-cnp-cimahi-7492914
TOKO BESI CNP PLERED,084916327388,https://www.indonetwork.co.id/product/toko-besi-cnp-plered-7492899
TOKO BESI CNP SEDONG,086294542187,https://www.indonetwork.co.id/product/toko-besi-cnp-sedong-7492894
TOKO BESI CNP BABAKAN,088116276290,https://www.indonetwork.co.id/product/toko-besi-cnp-babakan--7492893
